Timestamp,Language,Problem
2024-07-03 17:26:13,Kotlin,Read a file using File
2024-07-03 17:26:13,Ruby,Make an HTTP request using Net::HTTP
2024-07-03 17:26:13,Java,Make an HTTP request using HttpClient
2024-07-03 17:26:13,JavaScript,Manipulate the DOM
2024-07-03 17:26:13,PHP,Generate a random number
2024-07-03 17:26:13,C++,Read a file using fstream
2024-07-03 17:26:13,PHP,"Print 'Hello, world'"
2024-07-03 17:26:13,Swift,Generate a random number
2024-07-03 17:26:13,C++,Create a function to add two numbers
2024-07-03 17:26:13,Python,Create a function to add two numbers
2024-07-03 17:26:13,PHP,Generate a random number
2024-07-03 17:26:13,C++,Make an HTTP request using libcurl
2024-07-03 17:26:13,Swift,Make an HTTP request using URLSession
2024-07-03 17:26:13,PHP,Generate a random number
2024-07-03 17:26:13,Python,Make an HTTP request using requests library
2024-07-03 17:26:13,Java,"Print 'Hello, world' to the console"
2024-07-03 17:26:13,JavaScript,"Print 'Hello, world' to the console"
2024-07-03 17:26:13,C++,Make an HTTP request using libcurl
2024-07-03 17:26:13,Java,Generate a random number
2024-07-03 17:26:13,Ruby,Read a file
2024-07-03 17:26:13,Kotlin,Create a function to add two numbers
2024-07-03 17:26:13,Java,Read a file using FileReader
2024-07-03 17:26:13,C++,"Print 'Hello, world' to the console"
2024-07-03 17:26:13,JavaScript,"Print 'Hello, world' to the console"
2024-07-03 17:26:13,Rust,Read a file using std::fs
2024-07-03 17:26:13,Rust,"Print 'Hello, world' to the console"
2024-07-03 17:26:13,Ruby,Create a method to add two numbers
2024-07-03 17:26:13,C++,Create a function to add two numbers
2024-07-03 17:26:13,Java,Generate a random number
2024-07-03 17:26:13,Go,"Print 'Hello, world' to the console"
2024-07-03 17:26:13,PHP,Generate a random number
2024-07-03 17:26:13,C++,Generate a random number
2024-07-03 17:26:13,Kotlin,Read a file using File
2024-07-03 17:26:13,Rust,Generate a random number
2024-07-03 17:26:13,JavaScript,Create a function to add two numbers
2024-07-03 17:26:13,PHP,"Print 'Hello, world'"
2024-07-03 17:26:13,Python,Write a script to read a file
2024-07-03 17:26:13,C++,"Print 'Hello, world' to the console"
2024-07-03 17:26:13,JavaScript,Make an AJAX request
2024-07-03 17:26:13,PHP,Read a file using fopen
2024-07-03 17:26:13,Go,Make an HTTP request using net/http
2024-07-03 17:26:13,Java,Read a file using FileReader
2024-07-03 17:26:13,Swift,Create a function to add two numbers
2024-07-03 17:26:13,Go,Create a function to add two numbers
2024-07-03 17:26:13,Kotlin,Read a file using File
2024-07-03 17:26:13,Java,Generate a random number
2024-07-03 17:26:13,Java,Generate a random number
2024-07-03 17:26:13,JavaScript,"Print 'Hello, world' to the console"
2024-07-03 17:26:13,Java,Generate a random number
2024-07-03 17:26:13,Java,Create a method to add two numbers
2024-07-03 17:26:13,JavaScript,Create a promise
2024-07-03 17:26:13,Swift,Make an HTTP request using URLSession
2024-07-03 17:26:13,C++,Make an HTTP request using libcurl
2024-07-03 17:26:13,Python,Write a script to read a file
2024-07-03 17:26:13,JavaScript,"Print 'Hello, world' to the console"
2024-07-03 17:26:13,Swift,Generate a random number
2024-07-03 17:26:13,Rust,Create a function to add two numbers
2024-07-03 17:26:13,Swift,Generate a random number
2024-07-03 17:26:13,Swift,Make an HTTP request using URLSession
2024-07-03 17:26:13,Go,"Print 'Hello, world' to the console"
2024-07-03 17:26:13,Rust,"Print 'Hello, world' to the console"
2024-07-03 17:26:13,JavaScript,"Print 'Hello, world' to the console"
2024-07-03 17:26:13,Java,Read a file using FileReader
2024-07-03 17:26:13,Kotlin,Make an HTTP request using HttpURLConnection
2024-07-03 17:26:13,JavaScript,Create a promise
2024-07-03 17:26:13,PHP,Read a file using fopen
2024-07-03 17:26:13,Ruby,Read a file
2024-07-03 17:26:13,JavaScript,"Print 'Hello, world' to the console"
2024-07-03 17:26:13,Go,Read a file using os package
2024-07-03 17:26:13,Kotlin,Create a function to add two numbers
2024-07-03 17:26:13,Ruby,Read a file
2024-07-03 17:26:13,Rust,Create a function to add two numbers
2024-07-03 17:26:13,JavaScript,Make an AJAX request
2024-07-03 17:26:13,Ruby,Generate a random number
2024-07-03 17:26:13,Swift,Read a file using FileManager
2024-07-03 17:26:13,Kotlin,Create a function to add two numbers
2024-07-03 17:26:13,Java,"Print 'Hello, world' to the console"
2024-07-03 17:26:13,JavaScript,"Print 'Hello, world' to the console"
2024-07-03 17:26:13,Ruby,Read a file
2024-07-03 17:26:13,Python,Make an HTTP request using requests library
2024-07-03 17:26:13,JavaScript,Make an AJAX request
2024-07-03 17:26:13,Rust,Read a file using std::fs
2024-07-03 17:26:13,Java,"Print 'Hello, world' to the console"
2024-07-03 17:26:13,Kotlin,"Print 'Hello, world' to the console"
2024-07-03 17:26:13,Rust,Create a function to add two numbers
2024-07-03 17:26:13,Rust,Make an HTTP request using reqwest
2024-07-03 17:26:13,Ruby,Make an HTTP request using Net::HTTP
2024-07-03 17:26:13,Ruby,Generate a random number
2024-07-03 17:26:13,Swift,Create a function to add two numbers
2024-07-03 17:26:13,JavaScript,"Print 'Hello, world' to the console"
2024-07-03 17:26:13,PHP,"Print 'Hello, world'"
2024-07-03 17:26:13,C++,"Print 'Hello, world' to the console"
2024-07-03 17:26:13,JavaScript,"Print 'Hello, world' to the console"
2024-07-03 17:26:13,Kotlin,"Print 'Hello, world' to the console"
2024-07-03 17:26:13,Ruby,"Print 'Hello, world' to the console"
2024-07-03 17:26:13,PHP,Generate a random number
2024-07-03 17:26:13,Java,Generate a random number
2024-07-03 17:26:13,Kotlin,Make an HTTP request using HttpURLConnection
2024-07-03 17:26:13,Rust,Make an HTTP request using reqwest
2024-07-03 17:26:13,Python,Generate a random number
2024-07-03 17:26:13,Go,Read a file using os package
2024-07-03 17:26:13,C++,Generate a random number
2024-07-03 17:26:13,Go,Make an HTTP request using net/http
2024-07-03 17:26:13,Swift,"Print 'Hello, world' to the console"
2024-07-03 17:26:13,C++,Make an HTTP request using libcurl
2024-07-03 17:26:13,Python,Generate a random number
2024-07-03 17:26:13,Rust,Make an HTTP request using reqwest
2024-07-03 17:26:13,Python,Create a function to add two numbers
2024-07-03 17:26:13,C++,Read a file using fstream
2024-07-03 17:26:13,C++,Generate a random number
2024-07-03 17:26:13,Go,"Print 'Hello, world' to the console"
2024-07-03 17:26:13,PHP,Create a function to add two numbers
2024-07-03 17:26:13,Go,Generate a random number
2024-07-03 17:26:13,Swift,Generate a random number
2024-07-03 17:26:13,JavaScript,Create a function to add two numbers
2024-07-03 17:26:13,Rust,Create a function to add two numbers
2024-07-03 17:26:13,Python,Create a function to add two numbers
2024-07-03 17:26:13,Kotlin,Make an HTTP request using HttpURLConnection
2024-07-03 17:26:13,Ruby,Make an HTTP request using Net::HTTP
2024-07-03 17:26:13,PHP,"Print 'Hello, world'"
2024-07-03 17:26:13,Kotlin,Read a file using File
2024-07-03 17:26:13,Go,"Print 'Hello, world' to the console"
2024-07-03 17:26:13,Rust,Create a function to add two numbers
2024-07-03 17:26:13,Java,Generate a random number
2024-07-03 17:26:13,Ruby,Make an HTTP request using Net::HTTP
2024-07-03 17:26:13,Rust,"Print 'Hello, world' to the console"
2024-07-03 17:26:13,C++,Make an HTTP request using libcurl
2024-07-03 17:26:13,Rust,"Print 'Hello, world' to the console"
2024-07-03 17:26:13,Rust,Create a function to add two numbers
2024-07-03 17:26:13,Python,Create a function to add two numbers
2024-07-03 17:26:13,Rust,"Print 'Hello, world' to the console"
2024-07-03 17:26:13,Ruby,"Print 'Hello, world' to the console"
2024-07-03 17:26:13,Rust,Read a file using std::fs
2024-07-03 17:26:13,Rust,Generate a random number
2024-07-03 17:26:13,Ruby,Read a file
2024-07-03 17:26:13,JavaScript,Create a promise
2024-07-03 17:26:13,Ruby,Make an HTTP request using Net::HTTP
2024-07-03 17:26:13,C++,Make an HTTP request using libcurl
2024-07-03 17:26:13,Go,Make an HTTP request using net/http
2024-07-03 17:26:13,Rust,"Print 'Hello, world' to the console"
2024-07-03 17:26:13,Swift,Generate a random number
2024-07-03 17:26:13,C++,Read a file using fstream
2024-07-03 17:26:13,Java,"Print 'Hello, world' to the console"
2024-07-03 17:26:13,C++,Read a file using fstream
2024-07-03 17:26:13,Go,"Print 'Hello, world' to the console"
2024-07-03 17:26:13,C++,Create a function to add two numbers
2024-07-03 17:26:13,Swift,Make an HTTP request using URLSession
2024-07-03 17:26:13,Go,Read a file using os package
2024-07-03 17:26:13,Swift,Create a function to add two numbers
2024-07-03 17:26:13,Python,"Print 'Hello, world'"
2024-07-03 17:26:13,Swift,Generate a random number
2024-07-03 17:26:13,PHP,Make an HTTP request using cURL
2024-07-03 17:26:13,Swift,Create a function to add two numbers
2024-07-03 17:26:13,Java,Make an HTTP request using HttpClient
2024-07-03 17:26:13,Kotlin,Make an HTTP request using HttpURLConnection
2024-07-03 17:26:13,Go,"Print 'Hello, world' to the console"
2024-07-03 17:26:13,Rust,Create a function to add two numbers
2024-07-03 17:26:13,Java,Read a file using FileReader
2024-07-03 17:26:13,Python,Generate a random number
2024-07-03 17:26:13,C++,Create a function to add two numbers
2024-07-03 17:26:13,Swift,Read a file using FileManager
2024-07-03 17:26:13,Go,Make an HTTP request using net/http
2024-07-03 17:26:13,C++,Make an HTTP request using libcurl
2024-07-03 17:26:13,Rust,"Print 'Hello, world' to the console"
2024-07-03 17:26:13,JavaScript,Create a promise
2024-07-03 17:26:13,C++,Generate a random number
2024-07-03 17:26:13,PHP,Generate a random number
2024-07-03 17:26:13,JavaScript,Create a function to add two numbers
2024-07-03 17:26:13,Rust,Generate a random number
2024-07-03 17:26:13,JavaScript,Manipulate the DOM
2024-07-03 17:26:13,JavaScript,Manipulate the DOM
2024-07-03 17:26:13,Rust,Read a file using std::fs
2024-07-03 17:26:13,Go,Read a file using os package
2024-07-03 17:26:13,Go,Make an HTTP request using net/http
2024-07-03 17:26:13,Swift,Generate a random number
2024-07-03 17:26:13,Rust,"Print 'Hello, world' to the console"
2024-07-03 17:26:13,Java,Make an HTTP request using HttpClient
2024-07-03 17:26:13,Ruby,Make an HTTP request using Net::HTTP
2024-07-03 17:26:13,Go,"Print 'Hello, world' to the console"
2024-07-03 17:26:13,Kotlin,Read a file using File
2024-07-03 17:26:13,Kotlin,Generate a random number
2024-07-03 17:26:13,Java,Read a file using FileReader
2024-07-03 17:26:13,Kotlin,"Print 'Hello, world' to the console"
2024-07-03 17:26:13,JavaScript,Manipulate the DOM
2024-07-03 17:26:13,Ruby,Create a method to add two numbers
2024-07-03 17:26:13,PHP,Make an HTTP request using cURL
2024-07-03 17:26:13,PHP,Generate a random number
2024-07-03 17:26:13,C++,Make an HTTP request using libcurl
2024-07-03 17:26:13,Java,Make an HTTP request using HttpClient
2024-07-03 17:26:13,C++,"Print 'Hello, world' to the console"
2024-07-03 17:26:13,Swift,Generate a random number
2024-07-03 17:26:13,Go,"Print 'Hello, world' to the console"
2024-07-03 17:26:13,Java,Create a method to add two numbers
2024-07-03 17:26:13,Java,Make an HTTP request using HttpClient
2024-07-03 17:26:13,Java,"Print 'Hello, world' to the console"
2024-07-03 17:26:13,Java,Create a method to add two numbers
2024-07-03 17:26:13,Python,Create a function to add two numbers
2024-07-03 17:26:13,Java,"Print 'Hello, world' to the console"
2024-07-03 17:26:13,Swift,Generate a random number
2024-07-03 17:26:13,Rust,"Print 'Hello, world' to the console"
2024-07-03 17:26:13,Go,"Print 'Hello, world' to the console"
2024-07-03 17:26:13,Go,Create a function to add two numbers
2024-07-03 17:26:13,Python,Generate a random number
2024-07-03 17:26:13,Kotlin,Create a function to add two numbers
2024-07-03 17:26:13,C++,Create a function to add two numbers
2024-07-03 17:26:13,C++,Generate a random number
2024-07-03 17:26:13,Go,Generate a random number
2024-07-03 17:26:13,C++,Create a function to add two numbers
2024-07-03 17:26:13,Python,Generate a random number
2024-07-03 17:26:13,Kotlin,Generate a random number
2024-07-03 17:26:13,Python,"Print 'Hello, world'"
2024-07-03 17:26:13,Ruby,Create a method to add two numbers
2024-07-03 17:26:13,Kotlin,Generate a random number
2024-07-03 17:26:13,Kotlin,"Print 'Hello, world' to the console"
2024-07-03 17:26:13,Python,Make an HTTP request using requests library
2024-07-03 17:26:13,Java,Create a method to add two numbers
2024-07-03 17:26:13,Rust,Make an HTTP request using reqwest
2024-07-03 17:26:13,Kotlin,Create a function to add two numbers
2024-07-03 17:26:13,Rust,Read a file using std::fs
2024-07-03 17:26:13,Swift,Make an HTTP request using URLSession
2024-07-03 17:26:13,Ruby,Read a file
2024-07-03 17:26:13,Kotlin,Create a function to add two numbers
2024-07-03 17:26:13,Go,Generate a random number
2024-07-03 17:26:13,Rust,Read a file using std::fs
2024-07-03 17:26:13,Java,"Print 'Hello, world' to the console"
2024-07-03 17:26:13,C++,Create a function to add two numbers
2024-07-03 17:26:13,Java,Read a file using FileReader
2024-07-03 17:26:13,JavaScript,Make an AJAX request
2024-07-03 17:26:13,Swift,Read a file using FileManager
2024-07-03 17:26:13,Java,Generate a random number
2024-07-03 17:26:13,Swift,Generate a random number
2024-07-03 17:26:13,Python,Generate a random number
2024-07-03 17:26:13,PHP,Make an HTTP request using cURL
2024-07-03 17:26:13,Rust,Create a function to add two numbers
2024-07-03 17:26:13,JavaScript,Create a promise
2024-07-03 17:26:13,PHP,Read a file using fopen
2024-07-03 17:26:13,Go,Read a file using os package
2024-07-03 17:26:13,C++,Generate a random number
2024-07-03 17:26:13,Java,"Print 'Hello, world' to the console"
2024-07-03 17:26:13,Swift,Create a function to add two numbers
2024-07-03 17:26:13,Python,Generate a random number
2024-07-03 17:26:13,PHP,Read a file using fopen
2024-07-03 17:26:13,Go,"Print 'Hello, world' to the console"
2024-07-03 17:26:13,Rust,Read a file using std::fs
2024-07-03 17:26:13,Kotlin,Read a file using File
2024-07-03 17:26:13,Kotlin,Make an HTTP request using HttpURLConnection
2024-07-03 17:26:13,Ruby,Create a method to add two numbers
2024-07-03 17:26:13,Rust,Read a file using std::fs
2024-07-03 17:26:13,JavaScript,Create a function to add two numbers
2024-07-03 17:26:13,JavaScript,Make an AJAX request
2024-07-03 17:26:13,Rust,"Print 'Hello, world' to the console"
2024-07-03 17:26:13,Java,Make an HTTP request using HttpClient
2024-07-03 17:26:13,Go,Generate a random number
2024-07-03 17:26:13,Rust,Make an HTTP request using reqwest
2024-07-03 17:26:13,Python,Write a script to read a file
2024-07-03 17:26:13,C++,"Print 'Hello, world' to the console"
2024-07-03 17:26:13,Java,Create a method to add two numbers
2024-07-03 17:26:13,Kotlin,Create a function to add two numbers
2024-07-03 17:26:13,Go,Generate a random number
2024-07-03 17:26:13,Java,Read a file using FileReader
2024-07-03 17:26:13,Java,Read a file using FileReader
2024-07-03 17:26:13,Python,Generate a random number
2024-07-03 17:26:13,PHP,"Print 'Hello, world'"
2024-07-03 17:26:13,Rust,Generate a random number
2024-07-03 17:26:13,Python,Create a function to add two numbers
2024-07-03 17:26:13,Swift,Make an HTTP request using URLSession
2024-07-03 17:26:13,Go,Read a file using os package
2024-07-03 17:26:13,JavaScript,Create a function to add two numbers
2024-07-03 17:26:13,PHP,Make an HTTP request using cURL
2024-07-03 17:26:13,PHP,Create a function to add two numbers
2024-07-03 17:26:13,Kotlin,Read a file using File
2024-07-03 17:26:13,Ruby,Create a method to add two numbers
2024-07-03 17:26:13,Python,Make an HTTP request using requests library
2024-07-03 17:26:13,C++,Read a file using fstream
2024-07-03 17:26:13,PHP,"Print 'Hello, world'"
2024-07-03 17:26:13,Python,Generate a random number
2024-07-03 17:26:13,Ruby,Create a method to add two numbers
2024-07-03 17:26:13,Java,Create a method to add two numbers
2024-07-03 17:26:13,Ruby,"Print 'Hello, world' to the console"
2024-07-03 17:26:13,PHP,Create a function to add two numbers
2024-07-03 17:26:13,C++,Create a function to add two numbers
2024-07-03 17:26:13,Kotlin,Read a file using File
2024-07-03 17:26:13,Java,Read a file using FileReader
2024-07-03 17:26:13,Rust,"Print 'Hello, world' to the console"
2024-07-03 17:26:13,Java,Generate a random number
2024-07-03 17:26:13,Kotlin,"Print 'Hello, world' to the console"
2024-07-03 17:26:13,C++,Create a function to add two numbers
2024-07-03 17:26:13,Ruby,Create a method to add two numbers
2024-07-03 17:26:13,Ruby,Create a method to add two numbers
2024-07-03 17:26:13,Rust,Generate a random number
2024-07-03 17:26:13,PHP,Make an HTTP request using cURL
2024-07-03 17:26:13,Ruby,Create a method to add two numbers
2024-07-03 17:26:13,Kotlin,Generate a random number
2024-07-03 17:26:13,C++,Make an HTTP request using libcurl
2024-07-03 17:26:13,PHP,"Print 'Hello, world'"
2024-07-03 17:26:13,Rust,"Print 'Hello, world' to the console"
2024-07-03 17:26:13,Rust,Make an HTTP request using reqwest
2024-07-03 17:26:13,Swift,Create a function to add two numbers
2024-07-03 17:26:13,C++,Read a file using fstream
2024-07-03 17:26:13,PHP,Make an HTTP request using cURL
2024-07-03 17:26:13,Java,Read a file using FileReader
2024-07-03 17:26:13,Kotlin,"Print 'Hello, world' to the console"
2024-07-03 17:26:13,Java,Make an HTTP request using HttpClient
2024-07-03 17:26:13,Rust,Make an HTTP request using reqwest
2024-07-03 17:26:13,Python,Generate a random number
2024-07-03 17:26:13,PHP,Make an HTTP request using cURL
2024-07-03 17:26:13,C++,Generate a random number
2024-07-03 17:26:13,PHP,"Print 'Hello, world'"
2024-07-03 17:26:13,Rust,Generate a random number
2024-07-03 17:26:13,PHP,Generate a random number
2024-07-03 17:26:13,Python,Make an HTTP request using requests library
2024-07-03 17:26:13,Swift,Make an HTTP request using URLSession
2024-07-03 17:26:13,Rust,Read a file using std::fs
2024-07-03 17:26:13,Go,Generate a random number
2024-07-03 17:26:13,PHP,Read a file using fopen
2024-07-03 17:26:13,PHP,Make an HTTP request using cURL
2024-07-03 17:26:13,JavaScript,Create a function to add two numbers
2024-07-03 17:26:13,Python,Make an HTTP request using requests library
2024-07-03 17:26:13,Swift,Make an HTTP request using URLSession
2024-07-03 17:26:13,Rust,Generate a random number
2024-07-03 17:26:13,PHP,Read a file using fopen
2024-07-03 17:26:13,Swift,Create a function to add two numbers
2024-07-03 17:26:13,Ruby,Make an HTTP request using Net::HTTP
2024-07-03 17:26:13,Python,Generate a random number
2024-07-03 17:26:13,Go,Make an HTTP request using net/http
2024-07-03 17:26:13,Rust,"Print 'Hello, world' to the console"
2024-07-03 17:26:13,Swift,Make an HTTP request using URLSession
2024-07-03 17:26:13,Python,Make an HTTP request using requests library
2024-07-03 17:26:13,Python,Write a script to read a file
2024-07-03 17:26:13,Swift,Create a function to add two numbers
2024-07-03 17:26:13,Rust,Make an HTTP request using reqwest
2024-07-03 17:26:13,PHP,Generate a random number
2024-07-03 17:26:13,C++,"Print 'Hello, world' to the console"
2024-07-03 17:26:13,C++,Generate a random number
2024-07-03 17:26:13,Go,Generate a random number
2024-07-03 17:26:13,PHP,Create a function to add two numbers
2024-07-03 17:26:13,Swift,"Print 'Hello, world' to the console"
2024-07-03 17:26:13,Ruby,Make an HTTP request using Net::HTTP
2024-07-03 17:26:13,Python,Make an HTTP request using requests library
2024-07-03 17:26:13,Java,Read a file using FileReader
2024-07-03 17:26:13,Java,Generate a random number
2024-07-03 17:26:13,Java,Create a method to add two numbers
2024-07-03 17:26:13,Kotlin,"Print 'Hello, world' to the console"
2024-07-03 17:26:13,JavaScript,"Print 'Hello, world' to the console"
2024-07-03 17:26:13,Ruby,Read a file
2024-07-03 17:26:13,Kotlin,"Print 'Hello, world' to the console"
2024-07-03 17:26:13,Python,Write a script to read a file
2024-07-03 17:26:13,JavaScript,Create a function to add two numbers
2024-07-03 17:26:13,Go,"Print 'Hello, world' to the console"
2024-07-03 17:26:13,Kotlin,Make an HTTP request using HttpURLConnection
2024-07-03 17:26:13,C++,Make an HTTP request using libcurl
2024-07-03 17:26:13,Rust,Make an HTTP request using reqwest
2024-07-03 17:26:13,C++,Create a function to add two numbers
2024-07-03 17:26:13,Go,Make an HTTP request using net/http
2024-07-03 17:26:13,JavaScript,"Print 'Hello, world' to the console"
2024-07-03 17:26:13,Python,Write a script to read a file
2024-07-03 17:26:13,PHP,Generate a random number
2024-07-03 17:26:13,Python,Generate a random number
2024-07-03 17:26:13,Ruby,Create a method to add two numbers
2024-07-03 17:26:13,C++,Create a function to add two numbers
2024-07-03 17:26:13,Go,Create a function to add two numbers
2024-07-03 17:26:13,Ruby,"Print 'Hello, world' to the console"
2024-07-03 17:26:13,Ruby,Read a file
2024-07-03 17:26:13,Kotlin,Create a function to add two numbers
2024-07-03 17:26:13,JavaScript,Create a function to add two numbers
2024-07-03 17:26:13,Rust,Make an HTTP request using reqwest
2024-07-03 17:26:13,JavaScript,"Print 'Hello, world' to the console"
2024-07-03 17:26:13,Java,Create a method to add two numbers
2024-07-03 17:26:13,Kotlin,Create a function to add two numbers
2024-07-03 17:26:13,JavaScript,Make an AJAX request
2024-07-03 17:26:13,Java,Read a file using FileReader
2024-07-03 17:26:13,Ruby,Create a method to add two numbers
2024-07-03 17:26:13,Rust,"Print 'Hello, world' to the console"
2024-07-03 17:26:13,Java,Read a file using FileReader
2024-07-03 17:26:13,Rust,Read a file using std::fs
2024-07-03 17:26:13,Go,Create a function to add two numbers
2024-07-03 17:26:13,Java,Create a method to add two numbers
2024-07-03 17:26:13,Rust,Create a function to add two numbers
2024-07-03 17:26:13,Java,Create a method to add two numbers
2024-07-03 17:26:13,Ruby,Generate a random number
2024-07-03 17:26:13,Python,Create a function to add two numbers
2024-07-03 17:26:13,Swift,Make an HTTP request using URLSession
2024-07-03 17:26:13,Ruby,Generate a random number
2024-07-03 17:26:13,Swift,Generate a random number
2024-07-03 17:26:13,Go,Make an HTTP request using net/http
2024-07-03 17:26:13,Go,"Print 'Hello, world' to the console"
2024-07-03 17:26:13,PHP,Create a function to add two numbers
2024-07-03 17:26:13,Swift,Make an HTTP request using URLSession
2024-07-03 17:26:13,PHP,Generate a random number
2024-07-03 17:26:13,Kotlin,Read a file using File
2024-07-03 17:26:13,Kotlin,Make an HTTP request using HttpURLConnection
2024-07-03 17:26:13,Python,Generate a random number
2024-07-03 17:26:13,Kotlin,Read a file using File
2024-07-03 17:26:13,Swift,Make an HTTP request using URLSession
2024-07-03 17:26:13,Python,Generate a random number
2024-07-03 17:26:13,Java,Read a file using FileReader
2024-07-03 17:26:13,Kotlin,Generate a random number
2024-07-03 17:26:13,JavaScript,"Print 'Hello, world' to the console"
2024-07-03 17:26:13,JavaScript,Create a promise
2024-07-03 17:26:13,Java,"Print 'Hello, world' to the console"
